"ID","Day","Quantity"
"2","2","5757"
"4","2","8273"
"14","2","9819"
"18","2","7396"
"33","2","6672"
"47","2","6233"
"544","2","426"
"572","2","962"
"600","2","4791"
"743","2","3666"
"863","2","6704"
"1061","2","6820"
"1389","2","5553"
"18211","2","5065"
"22022","2","33504"
"23043","2","5485"
"24089","2","5296"
"28171","2","6023"
"57357","2","26722"
"60691","2","5245"
"69486","2","21680"
"95660","2","22933"
"95841","2","13464"
"96011","2","13704"
"100761","2","14597"
"101016","2","31143"
"102904","2","9938"
"103294","2","28908"
"104994","2","14806"
"105192","2","13884"
"105225","2","28352"
"107284","2","11400"
"107909","2","14795"
"108613","2","23405"
"109056","2","5000"
"110488","2","16000"
"110670","2","16500"
"111823","2","10000"
"112003","2","21000"
"112121","2","16000"
"113376","2","7500"
"113740","2","11000"
"116207","2","500"
"2","3","5757"
"4","3","8273"
"14","3","9819"
"18","3","7396"
"33","3","6672"
"47","3","6233"
"544","3","426"
"572","3","962"
"600","3","4791"
"743","3","3666"
"863","3","6704"
"1061","3","6820"
"1389","3","5553"
"18211","3","5065"
"22022","3","33504"
"23043","3","5485"
"24089","3","5296"
"28171","3","6023"
"57357","3","26722"
"60691","3","5245"
"69486","3","21680"
"95660","3","22933"
"95841","3","13464"
"96011","3","13704"
"100761","3","14597"
"101016","3","31143"
"102904","3","9938"
"103294","3","28908"
"104994","3","14806"
"105192","3","13884"
"105225","3","28352"
"107284","3","11400"
"107909","3","14795"
"108613","3","23405"
"109056","3","5000"
"110488","3","16000"
"110670","3","16500"
"111823","3","10000"
"112003","3","21000"
"112121","3","16000"
"113376","3","7500"
"113740","3","11000"
"116207","3","500"
"2","4","5757"
"4","4","8273"
"14","4","9819"
"18","4","7396"
"33","4","6672"
"47","4","6233"
"544","4","426"
"572","4","962"
"600","4","4791"
"743","4","3666"
"863","4","6704"
"1061","4","6820"
"1389","4","5553"
"18211","4","5065"
"22022","4","33504"
"23043","4","5485"
"24089","4","5296"
"28171","4","6023"
"57357","4","26722"
"60691","4","5245"
"69486","4","21680"
"95660","4","22933"
"95841","4","13464"
"96011","4","13704"
"100761","4","14597"
"101016","4","31143"
"102904","4","9938"
"103294","4","28908"
"104994","4","14806"
"105192","4","13884"
"105225","4","28352"
"107284","4","11400"
"107909","4","14795"
"108613","4","23405"
"109056","4","5000"
"110488","4","16000"
"110670","4","16500"
"111823","4","10000"
"112003","4","21000"
"112121","4","16000"
"113376","4","7500"
"113740","4","11000"
"116207","4","500"
"2","5","5757"
"4","5","8273"
"14","5","9819"
"18","5","7396"
"33","5","6672"
"47","5","6233"
"544","5","426"
"572","5","962"
"600","5","4791"
"743","5","3666"
"863","5","6704"
"1061","5","6820"
"1389","5","5553"
"18211","5","5065"
"22022","5","33504"
"23043","5","5485"
"24089","5","5296"
"28171","5","6023"
"57357","5","26722"
"60691","5","5245"
"69486","5","21680"
"95660","5","22933"
"95841","5","13464"
"96011","5","13704"
"100761","5","14597"
"101016","5","31143"
"102904","5","9938"
"103294","5","28908"
"104994","5","14806"
"105192","5","13884"
"105225","5","28352"
"107284","5","11400"
"107909","5","14795"
"108613","5","23405"
"109056","5","5000"
"110488","5","16000"
"110670","5","16500"
"111823","5","10000"
"112003","5","21000"
"112121","5","16000"
"113376","5","7500"
"113740","5","11000"
"116207","5","500"
"2","8","5757"
"4","8","8273"
"14","8","9819"
"18","8","7396"
"33","8","6672"
"47","8","6233"
"544","8","426"
"572","8","962"
"600","8","4791"
"743","8","3666"
"863","8","6704"
"1061","8","6820"
"1389","8","5553"
"18211","8","5065"
"22022","8","33504"
"23043","8","5485"
"24089","8","5296"
"28171","8","6023"
"57357","8","26722"
"60691","8","5245"
"69486","8","21680"
"95660","8","22933"
"95841","8","13464"
"96011","8","13704"
"100761","8","14597"
"101016","8","31143"
"102904","8","9938"
"103294","8","28908"
"104994","8","14806"
"105192","8","13884"
"105225","8","28352"
"107284","8","11400"
"107909","8","14795"
"108613","8","23405"
"109056","8","5000"
"110488","8","16000"
"110670","8","16500"
"111823","8","10000"
"112003","8","21000"
"112121","8","16000"
"113376","8","7500"
"113740","8","11000"
"116207","8","500"
"2","9","5757"
"4","9","8273"
"14","9","9808"
"18","9","7396"
"33","9","6672"
"47","9","6233"
"544","9","426"
"572","9","965"
"600","9","4789"
"743","9","3668"
"863","9","6704"
"1061","9","6820"
"1389","9","5491"
"18211","9","5065"
"22022","9","33504"
"23043","9","5487"
"24089","9","5296"
"28171","9","6023"
"57357","9","26722"
"60691","9","5245"
"69486","9","21680"
"95660","9","22933"
"95841","9","13464"
"96011","9","13704"
"100761","9","14597"
"101016","9","31143"
"102904","9","9938"
"103294","9","28890"
"104994","9","14806"
"105192","9","13884"
"105225","9","28352"
"107284","9","11400"
"107909","9","14795"
"108613","9","23405"
"109056","9","5000"
"110488","9","16000"
"110670","9","16500"
"111823","9","10000"
"112003","9","21000"
"112121","9","16000"
"113376","9","7500"
"113740","9","11000"
"116207","9","500"
"2","10","5757"
"4","10","8273"
"14","10","9808"
"18","10","7396"
"33","10","6672"
"47","10","6233"
"544","10","426"
"572","10","965"
"600","10","4789"
"743","10","3668"
"863","10","6704"
"1061","10","6820"
"1389","10","5491"
"18211","10","5065"
"22022","10","33504"
"23043","10","5487"
"24089","10","5296"
"28171","10","6023"
"57357","10","26722"
"60691","10","5245"
"69486","10","21680"
"95660","10","22933"
"95841","10","13464"
"96011","10","13704"
"100761","10","14597"
"101016","10","31143"
"102904","10","9938"
"103294","10","28890"
"104994","10","14806"
"105192","10","13884"
"105225","10","28352"
"107284","10","11400"
"107909","10","14795"
"108613","10","23405"
"109056","10","5000"
"110488","10","16000"
"110670","10","16500"
"111823","10","10000"
"112003","10","21000"
"112121","10","16000"
"113376","10","11500"
"113740","10","11000"
"116207","10","500"
"2","11","5757"
"4","11","8273"
"14","11","9808"
"18","11","7396"
"33","11","6672"
"47","11","6233"
"544","11","426"
"572","11","965"
"600","11","4789"
"743","11","3668"
"863","11","6704"
"1061","11","6820"
"1389","11","5491"
"18211","11","5065"
"22022","11","33504"
"23043","11","5487"
"24089","11","5296"
"28171","11","6023"
"57357","11","26722"
"60691","11","5245"
"69486","11","21680"
"95660","11","22933"
"95841","11","13464"
"96011","11","13704"
"100761","11","14597"
"101016","11","31143"
"102904","11","9938"
"103294","11","28890"
"104994","11","14806"
"105192","11","13884"
"105225","11","28352"
"107284","11","11400"
"107909","11","14795"
"108613","11","23405"
"109056","11","5000"
"110488","11","16000"
"110670","11","16500"
"111823","11","10000"
"112003","11","21000"
"112121","11","16000"
"113376","11","11500"
"113740","11","15000"
"116207","11","500"
"2","12","5757"
"4","12","8273"
"14","12","9808"
"18","12","7396"
"33","12","6672"
"47","12","6233"
"544","12","426"
"572","12","965"
"600","12","4789"
"743","12","3668"
"863","12","6704"
"1061","12","6820"
"1389","12","5491"
"18211","12","5065"
"22022","12","33504"
"23043","12","5487"
"24089","12","5296"
"28171","12","6023"
"57357","12","26722"
"60691","12","5245"
"69486","12","21680"
"95660","12","22933"
"95841","12","13464"
"96011","12","13704"
"100761","12","14597"
"101016","12","31143"
"102904","12","9938"
"103294","12","28890"
"104994","12","14806"
"105192","12","13884"
"105225","12","28352"
"107284","12","11400"
"107909","12","14795"
"108613","12","23405"
"109056","12","5000"
"110488","12","16000"
"110670","12","16500"
"111823","12","10000"
"112003","12","21000"
"112121","12","16000"
"113376","12","11500"
"113740","12","15000"
"116207","12","500"
"2","15","5757"
"4","15","8273"
"14","15","9808"
"18","15","7396"
"33","15","6672"
"47","15","6233"
"544","15","426"
"572","15","965"
"600","15","4789"
"743","15","3668"
"863","15","6704"
"1061","15","6820"
"1389","15","5491"
"18211","15","5065"
"22022","15","33504"
"23043","15","5487"
"24089","15","5296"
"28171","15","6023"
"57357","15","26722"
"60691","15","5245"
"69486","15","21680"
"95660","15","22933"
"95841","15","13464"
"96011","15","13704"
"100761","15","14597"
"101016","15","31143"
"102904","15","9938"
"103294","15","28890"
"104994","15","14806"
"105192","15","13884"
"105225","15","28352"
"107284","15","11400"
"107909","15","14795"
"108613","15","23405"
"109056","15","5000"
"110488","15","16000"
"110670","15","16500"
"111823","15","10000"
"112003","15","21000"
"112121","15","16000"
"113376","15","11500"
"113740","15","15000"
"116207","15","500"
"2","16","5757"
"4","16","8273"
"14","16","9808"
"18","16","7396"
"33","16","6672"
"47","16","6233"
"544","16","426"
"572","16","965"
"600","16","4789"
"743","16","3668"
"863","16","6704"
"1061","16","6820"
"1389","16","5491"
"18211","16","5065"
"22022","16","33504"
"23043","16","5487"
"24089","16","5296"
"28171","16","6023"
"57357","16","26722"
"60691","16","5245"
"69486","16","21680"
"95660","16","22933"
"95841","16","13464"
"96011","16","13704"
"100761","16","14597"
"101016","16","31143"
"102904","16","9938"
"103294","16","28890"
"104994","16","14806"
"105192","16","13884"
"105225","16","28352"
"107284","16","11400"
"107909","16","14795"
"108613","16","23405"
"109056","16","5000"
"110488","16","16000"
"110670","16","16500"
"111823","16","10000"
"112003","16","21000"
"112121","16","16000"
"113376","16","11500"
"113740","16","15000"
"116207","16","500"
"2","17","5757"
"4","17","8273"
"14","17","9808"
"18","17","7396"
"33","17","6672"
"47","17","6233"
"544","17","426"
"572","17","965"
"600","17","4789"
"743","17","3668"
"863","17","6704"
"1061","17","6820"
"1389","17","5491"
"18211","17","5065"
"22022","17","33504"
"23043","17","5487"
"24089","17","5296"
"28171","17","6023"
"57357","17","26722"
"60691","17","5245"
"69486","17","21680"
"95660","17","22933"
"95841","17","13464"
"96011","17","13704"
"100761","17","14597"
"101016","17","31143"
"102904","17","9938"
"103294","17","28890"
"104994","17","14806"
"105192","17","13884"
"105225","17","28352"
"107284","17","11400"
"107909","17","14795"
"108613","17","23405"
"109056","17","5000"
"110488","17","16000"
"110670","17","16500"
"111823","17","10000"
"112003","17","21000"
"112121","17","16000"
"113376","17","11500"
"113740","17","15000"
"116207","17","500"
"117086","17","2000"
"2","18","5757"
"4","18","8273"
"14","18","9808"
"18","18","7396"
"33","18","6672"
"47","18","6233"
"544","18","426"
"572","18","965"
"600","18","4789"
"743","18","3668"
"863","18","6704"
"1061","18","6820"
"1389","18","5491"
"18211","18","5065"
"22022","18","33504"
"23043","18","5487"
"24089","18","5296"
"28171","18","6023"
"57357","18","26722"
"60691","18","5245"
"69486","18","21680"
"95660","18","22933"
"95841","18","13464"
"96011","18","13704"
"100761","18","14597"
"101016","18","31143"
"102904","18","9938"
"103294","18","28890"
"104994","18","14806"
"105192","18","13884"
"105225","18","28352"
"107284","18","11400"
"107909","18","14795"
"108613","18","23405"
"109056","18","5000"
"110488","18","16000"
"110670","18","16500"
"111823","18","10000"
"112003","18","21000"
"112121","18","16000"
"113376","18","11500"
"113740","18","15000"
"116207","18","500"
"117086","18","2000"
"2","19","5757"
"4","19","8273"
"14","19","9808"
"18","19","7396"
"33","19","6672"
"47","19","6233"
"544","19","426"
"572","19","965"
"600","19","4789"
"743","19","3668"
"863","19","6704"
"1061","19","6820"
"1389","19","5491"
"18211","19","5065"
"22022","19","33504"
"23043","19","5487"
"24089","19","5296"
"28171","19","6023"
"57357","19","26722"
"60691","19","5245"
"69486","19","21680"
"95660","19","22933"
"95841","19","13464"
"96011","19","13704"
"100761","19","14597"
"101016","19","31143"
"102904","19","9938"
"103294","19","28890"
"104994","19","14806"
"105192","19","13884"
"105225","19","28352"
"107284","19","11400"
"107909","19","14795"
"108613","19","23405"
"109056","19","5000"
"110488","19","16000"
"110670","19","16500"
"111823","19","10000"
"112003","19","21000"
"112121","19","16000"
"113376","19","11500"
"113740","19","15000"
"116207","19","500"
"117086","19","2000"
"2","22","5757"
"4","22","8273"
"14","22","9808"
"18","22","7396"
"33","22","6672"
"47","22","6233"
"544","22","426"
"572","22","965"
"600","22","4789"
"743","22","3668"
"863","22","6704"
"1061","22","6820"
"1389","22","5491"
"18211","22","5065"
"22022","22","33504"
"23043","22","5487"
"24089","22","5296"
"28171","22","6023"
"57357","22","26722"
"60691","22","5245"
"69486","22","21680"
"95660","22","22933"
"95841","22","13464"
"96011","22","13704"
"100761","22","14597"
"101016","22","31143"
"102904","22","9938"
"103294","22","28890"
"104994","22","14806"
"105192","22","13884"
"105225","22","28352"
"107284","22","11400"
"107909","22","14795"
"108613","22","23405"
"109056","22","5000"
"110488","22","16000"
"110670","22","16500"
"111823","22","10000"
"112003","22","21000"
"112121","22","16000"
"113376","22","11500"
"113740","22","15000"
"116207","22","500"
"117086","22","2000"
"2","23","5757"
"4","23","8273"
"14","23","9808"
"18","23","7396"
"33","23","6672"
"47","23","6233"
"544","23","426"
"572","23","965"
"600","23","4789"
"743","23","3668"
"863","23","6704"
"1061","23","6820"
"1389","23","5491"
"18211","23","5065"
"22022","23","33504"
"23043","23","5487"
"24089","23","5296"
"28171","23","6023"
"57357","23","26722"
"60691","23","5245"
"69486","23","21680"
"95660","23","22933"
"95841","23","13464"
"96011","23","13704"
"100761","23","14597"
"101016","23","31143"
"102904","23","9938"
"103294","23","28890"
"104994","23","14806"
"105192","23","13884"
"105225","23","28352"
"107284","23","11400"
"107909","23","14795"
"108613","23","23405"
"109056","23","5000"
"110488","23","16000"
"110670","23","16500"
"111823","23","10000"
"112003","23","21000"
"112121","23","16000"
"113376","23","11500"
"113740","23","15000"
"116207","23","500"
"117086","23","2000"
"2","24","5757"
"4","24","8273"
"14","24","9808"
"18","24","7396"
"33","24","6672"
"47","24","6233"
"544","24","426"
"572","24","965"
"600","24","4789"
"743","24","3668"
"863","24","6704"
"1061","24","6820"
"1389","24","5491"
"18211","24","5065"
"22022","24","33504"
"23043","24","5487"
"24089","24","5296"
"28171","24","6023"
"57357","24","26722"
"60691","24","5245"
"69486","24","21680"
"95660","24","22933"
"95841","24","13464"
"96011","24","13704"
"100761","24","14597"
"101016","24","31143"
"102904","24","9938"
"103294","24","28890"
"104994","24","14806"
"105192","24","13884"
"105225","24","28352"
"107284","24","11400"
"107909","24","14795"
"108613","24","23405"
"109056","24","5000"
"110488","24","16000"
"110670","24","16500"
"111823","24","10000"
"112003","24","21000"
"112121","24","16000"
"113376","24","11500"
"113740","24","15000"
"116207","24","500"
"117086","24","2000"
"2","25","5757"
"4","25","8273"
"14","25","9808"
"18","25","7396"
"33","25","6672"
"47","25","6233"
"544","25","426"
"572","25","965"
"600","25","4789"
"743","25","3668"
"863","25","6704"
"1061","25","6820"
"1389","25","5491"
"18211","25","5065"
"22022","25","33504"
"23043","25","5487"
"24089","25","5296"
"28171","25","6023"
"57357","25","26722"
"60691","25","5245"
"69486","25","21680"
"95660","25","22933"
"95841","25","13464"
"96011","25","13704"
"100761","25","14597"
"101016","25","31143"
"102904","25","9938"
"103294","25","28890"
"104994","25","14806"
"105192","25","13884"
"105225","25","28352"
"107284","25","11400"
"107909","25","14795"
"108613","25","23405"
"109056","25","5000"
"110488","25","16000"
"110670","25","16500"
"111823","25","10000"
"112003","25","21000"
"112121","25","16000"
"113376","25","11500"
"113740","25","15000"
"116207","25","500"
"117086","25","2000"
"117301","25","1500"
"2","26","5757"
"4","26","8273"
"14","26","9808"
"18","26","7396"
"33","26","6672"
"47","26","6233"
"544","26","426"
"572","26","965"
"600","26","4789"
"743","26","3668"
"863","26","6704"
"1061","26","6820"
"1389","26","5491"
"18211","26","5065"
"22022","26","33504"
"23043","26","5487"
"24089","26","5296"
"28171","26","6023"
"57357","26","26722"
"60691","26","5245"
"69486","26","21680"
"95660","26","22933"
"95841","26","13464"
"96011","26","13704"
"100761","26","14597"
"101016","26","31143"
"102904","26","9938"
"103294","26","28890"
"104994","26","14806"
"105192","26","13884"
"105225","26","28352"
"107284","26","11400"
"107909","26","14795"
"108613","26","23405"
"109056","26","5000"
"110488","26","16000"
"110670","26","16500"
"111823","26","10000"
"112003","26","21000"
"112121","26","16000"
"113376","26","11500"
"113740","26","15000"
"116207","26","500"
"117086","26","2000"
"117301","26","1500"
"2","29","5757"
"4","29","8273"
"14","29","9808"
"18","29","7396"
"33","29","6672"
"47","29","6233"
"544","29","426"
"572","29","965"
"600","29","4789"
"743","29","3668"
"863","29","6704"
"1061","29","6820"
"1389","29","5491"
"18211","29","5065"
"22022","29","33504"
"23043","29","5487"
"24089","29","5296"
"28171","29","6023"
"57357","29","26722"
"60691","29","5245"
"69486","29","21680"
"95660","29","22933"
"95841","29","13464"
"96011","29","13704"
"100761","29","14597"
"101016","29","31143"
"102904","29","9938"
"103294","29","28890"
"104994","29","14806"
"105192","29","13884"
"105225","29","28352"
"107284","29","11400"
"107909","29","14795"
"108613","29","23405"
"109056","29","5000"
"110488","29","16000"
"110670","29","16500"
"111823","29","10000"
"112003","29","21000"
"112121","29","16000"
"113376","29","11500"
"113740","29","15000"
"116207","29","500"
"117086","29","2000"
"117301","29","1500"
"2","30","5757"
"4","30","8273"
"14","30","9808"
"18","30","7396"
"33","30","6672"
"47","30","6233"
"544","30","426"
"572","30","965"
"600","30","4789"
"743","30","3668"
"863","30","6704"
"1061","30","6820"
"1389","30","5491"
"18211","30","5065"
"22022","30","33504"
"23043","30","5487"
"24089","30","5296"
"28171","30","6023"
"57357","30","26722"
"60691","30","5245"
"69486","30","21680"
"95660","30","22933"
"95841","30","13464"
"96011","30","13704"
"100761","30","14597"
"101016","30","31143"
"102904","30","9938"
"103294","30","28890"
"104994","30","14806"
"105192","30","13884"
"105225","30","28352"
"107284","30","11400"
"107909","30","14795"
"108613","30","23405"
"109056","30","5000"
"110488","30","16000"
"110670","30","16500"
"111823","30","10000"
"112003","30","21000"
"112121","30","16000"
"113376","30","11500"
"113740","30","15000"
"116207","30","500"
"117086","30","2000"
"117301","30","1500"
"2","31","5757"
"4","31","8273"
"14","31","9808"
"18","31","7396"
"33","31","6672"
"47","31","6233"
"544","31","426"
"572","31","965"
"600","31","4789"
"743","31","3668"
"863","31","6704"
"1061","31","6820"
"1389","31","5491"
"18211","31","5065"
"22022","31","33504"
"23043","31","5487"
"24089","31","5296"
"28171","31","6023"
"57357","31","26722"
"60691","31","5245"
"69486","31","21680"
"95660","31","22933"
"95841","31","13464"
"96011","31","13704"
"100761","31","14597"
"101016","31","31143"
"102904","31","9938"
"103294","31","28890"
"104994","31","14806"
"105225","31","28352"
"107284","31","11400"
"107909","31","14795"
"108613","31","23405"
"109056","31","5000"
"110488","31","16000"
"110670","31","16500"
"111823","31","10000"
"112003","31","21000"
"112121","31","16000"
"113376","31","11500"
"113740","31","15000"
"116207","31","500"
"117086","31","2000"
"117301","31","1500"
"2","32","5757"
"4","32","8273"
"14","32","9808"
"18","32","7396"
"33","32","6672"
"47","32","6233"
"544","32","426"
"572","32","965"
"600","32","4789"
"743","32","3668"
"863","32","6704"
"1061","32","6820"
"1389","32","5491"
"18211","32","5065"
"22022","32","33504"
"23043","32","5487"
"24089","32","5296"
"28171","32","6023"
"57357","32","26722"
"60691","32","5245"
"69486","32","21680"
"95660","32","22933"
"95841","32","13464"
"96011","32","13704"
"100761","32","14597"
"101016","32","31143"
"102904","32","9938"
"103294","32","28890"
"104994","32","14806"
"105225","32","28352"
"107284","32","11400"
"107909","32","14795"
"108613","32","23405"
"109056","32","5000"
"110488","32","16000"
"110670","32","16500"
"111823","32","10000"
"112003","32","21000"
"112121","32","16000"
"113376","32","11500"
"113740","32","15000"
"116207","32","500"
"117086","32","2000"
"117301","32","1500"
"117489","32","4000"
"2","33","5757"
"4","33","8273"
"14","33","9808"
"18","33","7396"
"33","33","6672"
"47","33","6233"
"544","33","426"
"572","33","965"
"600","33","4789"
"743","33","3668"
"863","33","6704"
"1061","33","6820"
"1389","33","5491"
"18211","33","5065"
"22022","33","33504"
"23043","33","5487"
"24089","33","5296"
"28171","33","6023"
"57357","33","26722"
"60691","33","5245"
"69486","33","21680"
"95660","33","22933"
"95841","33","13464"
"96011","33","13704"
"100761","33","14597"
"101016","33","31143"
"102904","33","9938"
"103294","33","28890"
"104994","33","14806"
"105225","33","28352"
"107284","33","11400"
"107909","33","14795"
"108613","33","23405"
"109056","33","5000"
"110488","33","16000"
"110670","33","16500"
"111823","33","10000"
"112003","33","21000"
"112121","33","16000"
"113376","33","11500"
"113740","33","15000"
"116207","33","500"
"117086","33","2000"
"117301","33","1500"
"117489","33","4000"
"2","36","5757"
"4","36","8273"
"14","36","9808"
"18","36","7396"
"33","36","6672"
"47","36","6233"
"544","36","426"
"572","36","965"
"600","36","4789"
"743","36","3668"
"863","36","6704"
"1061","36","6820"
"1389","36","5491"
"18211","36","5065"
"22022","36","33504"
"23043","36","5487"
"24089","36","5296"
"28171","36","6023"
"57357","36","26722"
"60691","36","5245"
"69486","36","21680"
"95660","36","22933"
"95841","36","13464"
"96011","36","13704"
"100761","36","14597"
"101016","36","31143"
"102904","36","9938"
"103294","36","28890"
"104994","36","14806"
"105225","36","28352"
"107284","36","11400"
"107909","36","14795"
"108613","36","23405"
"109056","36","5000"
"110488","36","16000"
"110670","36","16500"
"111823","36","10000"
"112003","36","21000"
"112121","36","16000"
"113376","36","11500"
"113740","36","15000"
"116207","36","500"
"117086","36","2000"
"117301","36","1500"
"117489","36","4000"
"2","37","5757"
"4","37","8273"
"14","37","9808"
"18","37","7396"
"33","37","6672"
"47","37","6233"
"544","37","426"
"572","37","965"
"600","37","4789"
"743","37","3668"
"863","37","6704"
"1061","37","6820"
"1389","37","5491"
"18211","37","5065"
"22022","37","33504"
"23043","37","5487"
"24089","37","5296"
"28171","37","6023"
"57357","37","26722"
"60691","37","5245"
"69486","37","21680"
"95660","37","22933"
"95841","37","13464"
"96011","37","13704"
"100761","37","14597"
"101016","37","31143"
"102904","37","9938"
"103294","37","28890"
"104994","37","14806"
"105225","37","28352"
"107284","37","11400"
"107909","37","14795"
"108613","37","23405"
"109056","37","5000"
"110488","37","16000"
"110670","37","16500"
"111823","37","10000"
"112003","37","21000"
"112121","37","16000"
"113376","37","11500"
"113740","37","15000"
"116207","37","500"
"117086","37","2000"
"117301","37","1500"
"117489","37","4000"
"2","38","5757"
"4","38","8273"
"14","38","9808"
"18","38","7396"
"33","38","6672"
"47","38","6233"
"544","38","426"
"572","38","965"
"600","38","4789"
"743","38","3668"
"863","38","6704"
"1061","38","6820"
"1389","38","5491"
"18211","38","5065"
"22022","38","33504"
"23043","38","5487"
"24089","38","5296"
"28171","38","6023"
"57357","38","26722"
"60691","38","5245"
"69486","38","21680"
"95660","38","22933"
"95841","38","13464"
"96011","38","13704"
"100761","38","14597"
"101016","38","31143"
"102904","38","9938"
"103294","38","28890"
"104994","38","14806"
"105225","38","28352"
"107284","38","11400"
"107909","38","14795"
"108613","38","23405"
"109056","38","5000"
"110488","38","16000"
"110670","38","16500"
"111823","38","10000"
"112003","38","21000"
"112121","38","16000"
"113376","38","11500"
"113740","38","15000"
"116207","38","500"
"117086","38","2000"
"117301","38","1500"
"117489","38","4000"
"117606","38","3500"
"2","39","5757"
"4","39","8273"
"14","39","9808"
"18","39","7396"
"33","39","6672"
"47","39","6233"
"544","39","426"
"572","39","965"
"600","39","4789"
"743","39","3668"
"863","39","6704"
"1061","39","6820"
"1389","39","5491"
"18211","39","5065"
"22022","39","33504"
"23043","39","5487"
"24089","39","5296"
"28171","39","6023"
"57357","39","26722"
"60691","39","5245"
"69486","39","21680"
"95660","39","22933"
"95841","39","13464"
"96011","39","13704"
"100761","39","14597"
"101016","39","31143"
"102904","39","9938"
"103294","39","28890"
"104994","39","14806"
"105225","39","28352"
"107284","39","11400"
"107909","39","14795"
"108613","39","23405"
"109056","39","5000"
"110488","39","16000"
"110670","39","16500"
"111823","39","10000"
"112003","39","21000"
"112121","39","16000"
"113376","39","11500"
"113740","39","15000"
"116207","39","500"
"117086","39","2000"
"117301","39","1500"
"117489","39","4000"
"117606","39","3500"
"2","40","5757"
"4","40","8306"
"14","40","9809"
"18","40","7396"
"33","40","6672"
"47","40","6233"
"544","40","426"
"572","40","963"
"600","40","4744"
"743","40","3671"
"863","40","6706"
"1061","40","6814"
"1389","40","5491"
"18211","40","5065"
"22022","40","33503"
"23043","40","5548"
"24089","40","5296"
"28171","40","6023"
"57357","40","26722"
"60691","40","5245"
"69486","40","21680"
"95660","40","22933"
"95841","40","13464"
"96011","40","13704"
"100761","40","14597"
"101016","40","31143"
"102904","40","9938"
"103294","40","28890"
"104994","40","14806"
"105225","40","28352"
"107284","40","11400"
"107909","40","14795"
"108613","40","23405"
"109056","40","5000"
"110488","40","16000"
"110670","40","16500"
"111823","40","10000"
"112003","40","21000"
"112121","40","16000"
"113376","40","11500"
"113740","40","15000"
"116207","40","500"
"117086","40","2000"
"117301","40","1500"
"117489","40","4000"
"117606","40","3500"
"2","43","5757"
"4","43","8306"
"14","43","9809"
"18","43","7396"
"33","43","6672"
"47","43","6233"
"544","43","426"
"572","43","963"
"600","43","4744"
"743","43","3671"
"863","43","6706"
"1061","43","6814"
"1389","43","5491"
"18211","43","5065"
"22022","43","33503"
"23043","43","5548"
"24089","43","5296"
"28171","43","6023"
"57357","43","26722"
"60691","43","5245"
"69486","43","21680"
"95660","43","22933"
"95841","43","13464"
"96011","43","13704"
"100761","43","14597"
"101016","43","31143"
"102904","43","9938"
"103294","43","28890"
"104994","43","14806"
"105225","43","28352"
"107284","43","11400"
"107909","43","14795"
"108613","43","23405"
"109056","43","5000"
"110488","43","16000"
"110670","43","16500"
"111823","43","10000"
"112003","43","21000"
"112121","43","16000"
"113376","43","11500"
"113740","43","15000"
"116207","43","500"
"117086","43","2000"
"117301","43","1500"
"117489","43","4000"
"117606","43","3500"
"2","44","5757"
"4","44","8306"
"14","44","9809"
"18","44","7396"
"33","44","6672"
"47","44","6233"
"544","44","426"
"572","44","963"
"600","44","4744"
"743","44","3671"
"863","44","6706"
"1061","44","6814"
"1389","44","5491"
"18211","44","5065"
"22022","44","33503"
"23043","44","5548"
"24089","44","5296"
"28171","44","6023"
"57357","44","26722"
"60691","44","5245"
"69486","44","21680"
"95660","44","22933"
"95841","44","13464"
"96011","44","13704"
"100761","44","14597"
"101016","44","31143"
"102904","44","9938"
"103294","44","28890"
"104994","44","14806"
"105225","44","28352"
"107284","44","11400"
"107909","44","14795"
"108613","44","23405"
"109056","44","5000"
"110488","44","16000"
"110670","44","16500"
"111823","44","10000"
"112003","44","21000"
"112121","44","16000"
"113376","44","11500"
"113740","44","15000"
"116207","44","500"
"117086","44","2000"
"117301","44","1500"
"117489","44","4000"
"117606","44","3500"
"2","45","5757"
"4","45","8306"
"14","45","9809"
"18","45","7396"
"33","45","6672"
"47","45","6233"
"544","45","426"
"572","45","963"
"600","45","4744"
"743","45","3671"
"863","45","6706"
"1061","45","6814"
"1389","45","5491"
"18211","45","5065"
"22022","45","33503"
"23043","45","5548"
"24089","45","5296"
"28171","45","6023"
"57357","45","26722"
"60691","45","5245"
"69486","45","21680"
"95660","45","22933"
"95841","45","13464"
"96011","45","13704"
"100761","45","14597"
"101016","45","31143"
"102904","45","9938"
"103294","45","28890"
"104994","45","14806"
"105225","45","28352"
"107284","45","11400"
"107909","45","14795"
"108613","45","23405"
"109056","45","5000"
"110488","45","16000"
"110670","45","16500"
"111823","45","10000"
"112003","45","21000"
"112121","45","16000"
"113376","45","11500"
"113740","45","15000"
"116207","45","500"
"117086","45","4000"
"117301","45","1500"
"117489","45","4000"
"117606","45","3500"
"2","46","5757"
"4","46","8306"
"14","46","9809"
"18","46","7396"
"33","46","6672"
"47","46","6233"
"544","46","426"
"572","46","963"
"600","46","4744"
"743","46","3671"
"863","46","6706"
"1061","46","6814"
"1389","46","5491"
"18211","46","5065"
"22022","46","33503"
"23043","46","5548"
"24089","46","5296"
"28171","46","6023"
"57357","46","26722"
"60691","46","5245"
"69486","46","21680"
"95660","46","22933"
"95841","46","13464"
"96011","46","13704"
"100761","46","14597"
"101016","46","31143"
"102904","46","9938"
"103294","46","28890"
"104994","46","14806"
"105225","46","28352"
"107284","46","11400"
"107909","46","14795"
"108613","46","23405"
"109056","46","5000"
"110488","46","16000"
"110670","46","16500"
"111823","46","10000"
"112003","46","21000"
"112121","46","16000"
"113376","46","11500"
"113740","46","15000"
"116207","46","500"
"117086","46","4000"
"117301","46","1500"
"117489","46","4000"
"117606","46","3500"
"2","47","5757"
"4","47","8306"
"14","47","9809"
"18","47","7396"
"33","47","6672"
"47","47","6233"
"544","47","426"
"572","47","963"
"600","47","4744"
"743","47","3671"
"863","47","6706"
"1061","47","6814"
"1389","47","5491"
"18211","47","5065"
"22022","47","33503"
"23043","47","5548"
"24089","47","5296"
"28171","47","6023"
"57357","47","26722"
"60691","47","5245"
"69486","47","21680"
"95660","47","22933"
"95841","47","13464"
"96011","47","13704"
"100761","47","14597"
"101016","47","31143"
"102904","47","9938"
"103294","47","28890"
"104994","47","14806"
"105225","47","28352"
"107284","47","11400"
"107909","47","14795"
"108613","47","23405"
"109056","47","5000"
"110488","47","16000"
"110670","47","16500"
"111823","47","10000"
"112003","47","21000"
"112121","47","16000"
"113376","47","11500"
"113740","47","15000"
"116207","47","500"
"117086","47","4000"
"117301","47","1500"
"117489","47","4000"
"117606","47","3500"
"2","51","5757"
"4","51","8306"
"14","51","9809"
"18","51","7396"
"33","51","6672"
"47","51","6233"
"544","51","426"
"572","51","963"
"600","51","4744"
"743","51","3671"
"863","51","6706"
"1061","51","6814"
"1389","51","5491"
"18211","51","5065"
"22022","51","33503"
"23043","51","5548"
"24089","51","5296"
"28171","51","6023"
"57357","51","26722"
"60691","51","5245"
"69486","51","21680"
"95660","51","22933"
"95841","51","13464"
"96011","51","13704"
"100761","51","14597"
"101016","51","31143"
"102904","51","9938"
"103294","51","28890"
"104994","51","14806"
"105225","51","28352"
"107284","51","11400"
"107909","51","14795"
"108613","51","23405"
"109056","51","5000"
"110488","51","16000"
"110670","51","16500"
"111823","51","10000"
"112003","51","21000"
"112121","51","16000"
"113376","51","11500"
"113740","51","15000"
"116207","51","500"
"117086","51","4000"
"117301","51","1500"
"117489","51","4000"
"117606","51","3500"
"2","52","5757"
"4","52","8306"
"14","52","9809"
"18","52","7396"
"33","52","6672"
"47","52","6233"
"544","52","426"
"572","52","963"
"600","52","4744"
"743","52","3671"
"863","52","6706"
"1061","52","6814"
"1389","52","5491"
"18211","52","5065"
"22022","52","33503"
"23043","52","5548"
"24089","52","5296"
"28171","52","6023"
"57357","52","26722"
"60691","52","5245"
"69486","52","21680"
"95660","52","22933"
"95841","52","13464"
"96011","52","13704"
"100761","52","14597"
"101016","52","31143"
"102904","52","9938"
"103294","52","28890"
"104994","52","14806"
"105225","52","28352"
"107284","52","11400"
"107909","52","14795"
"108613","52","23405"
"109056","52","5000"
"110488","52","16000"
"110670","52","16500"
"111823","52","10000"
"112003","52","21000"
"112121","52","16000"
"113376","52","11500"
"113740","52","15000"
"116207","52","500"
"117086","52","4000"
"117301","52","1500"
"117489","52","4000"
"117606","52","3500"
"2","53","5757"
"4","53","8306"
"14","53","9809"
"18","53","7396"
"33","53","6672"
"47","53","6233"
"544","53","426"
"572","53","963"
"600","53","4744"
"743","53","3671"
"863","53","6706"
"1061","53","6814"
"1389","53","5491"
"18211","53","5065"
"22022","53","33503"
"23043","53","5548"
"24089","53","5296"
"28171","53","6023"
"57357","53","26722"
"60691","53","5245"
"69486","53","21680"
"95660","53","22933"
"95841","53","13464"
"96011","53","13704"
"100761","53","14597"
"101016","53","31143"
"102904","53","9938"
"103294","53","28890"
"104994","53","14806"
"105225","53","28352"
"107284","53","11400"
"107909","53","14795"
"108613","53","23405"
"109056","53","5000"
"110488","53","16000"
"110670","53","16500"
"111823","53","10000"
"112003","53","21000"
"112121","53","16000"
"113376","53","11500"
"113740","53","15000"
"116207","53","500"
"117086","53","4000"
"117301","53","1500"
"117489","53","8000"
"117606","53","3500"
"2","54","5757"
"4","54","8306"
"14","54","9809"
"18","54","7396"
"33","54","6672"
"47","54","6233"
"544","54","426"
"572","54","963"
"600","54","4744"
"743","54","3671"
"863","54","6706"
"1061","54","6814"
"1389","54","5491"
"18211","54","5065"
"22022","54","33503"
"23043","54","5548"
"24089","54","5296"
"28171","54","6023"
"57357","54","26722"
"60691","54","5245"
"69486","54","21680"
"95660","54","22933"
"95841","54","13464"
"96011","54","13704"
"100761","54","14597"
"101016","54","31143"
"102904","54","9938"
"103294","54","28890"
"104994","54","14806"
"105225","54","28352"
"107284","54","11400"
"107909","54","14795"
"108613","54","23405"
"109056","54","5000"
"110488","54","16000"
"110670","54","16500"
"111823","54","10000"
"112003","54","21000"
"112121","54","16000"
"113376","54","11500"
"113740","54","15000"
"116207","54","500"
"117086","54","4000"
"117301","54","1500"
"117489","54","8000"
"117606","54","3500"
"2","57","5757"
"4","57","8306"
"14","57","9809"
"18","57","7396"
"33","57","6672"
"47","57","6233"
"544","57","426"
"572","57","963"
"600","57","4744"
"743","57","3671"
"863","57","6706"
"1061","57","6814"
"1389","57","5491"
"18211","57","5065"
"22022","57","33503"
"23043","57","5548"
"24089","57","5296"
"28171","57","6023"
"57357","57","26722"
"60691","57","5245"
"69486","57","21680"
"95660","57","22933"
"95841","57","13464"
"96011","57","13704"
"100761","57","14597"
"101016","57","31143"
"102904","57","9938"
"103294","57","28890"
"104994","57","14806"
"105225","57","28352"
"107284","57","11400"
"107909","57","14795"
"108613","57","23405"
"109056","57","5000"
"110488","57","16000"
"110670","57","16500"
"111823","57","10000"
"112003","57","21000"
"112121","57","16000"
"113376","57","11500"
"113740","57","15000"
"116207","57","500"
"117086","57","4000"
"117301","57","1500"
"117489","57","8000"
"117606","57","3500"
"2","58","5757"
"4","58","8306"
"14","58","9809"
"18","58","7396"
"33","58","6672"
"47","58","6233"
"544","58","426"
"572","58","963"
"600","58","4744"
"743","58","3671"
"863","58","6706"
"1061","58","6814"
"1389","58","5491"
"18211","58","5065"
"22022","58","33503"
"23043","58","5548"
"24089","58","5296"
"28171","58","6023"
"57357","58","26722"
"60691","58","5245"
"69486","58","21680"
"95660","58","22933"
"95841","58","13464"
"96011","58","13704"
"100761","58","14597"
"101016","58","31143"
"102904","58","9938"
"103294","58","28890"
"104994","58","14806"
"105225","58","28352"
"107284","58","11400"
"107909","58","14795"
"108613","58","23405"
"109056","58","5000"
"110488","58","16000"
"110670","58","16500"
"111823","58","10000"
"112003","58","21000"
"112121","58","16000"
"113376","58","11500"
"113740","58","15000"
"116207","58","500"
"117086","58","4000"
"117301","58","1500"
"117489","58","8000"
"117606","58","3500"
"2","59","5757"
"4","59","8306"
"14","59","9809"
"18","59","7396"
"33","59","6672"
"47","59","6233"
"544","59","426"
"572","59","963"
"600","59","4744"
"743","59","3671"
"863","59","6706"
"1061","59","6814"
"1389","59","5491"
"18211","59","5065"
"22022","59","33503"
"23043","59","5548"
"28171","59","6023"
"57357","59","26722"
"60691","59","5245"
"69486","59","21680"
"95660","59","22933"
"95841","59","13464"
"96011","59","13704"
"100761","59","14597"
"101016","59","31143"
"102904","59","9938"
"103294","59","28890"
"104994","59","14806"
"105225","59","28352"
"107284","59","11400"
"107909","59","14795"
"108613","59","23405"
"109056","59","5000"
"110488","59","16000"
"110670","59","16500"
"111823","59","10000"
"112003","59","21000"
"112121","59","16000"
"113376","59","11500"
"113740","59","15000"
"116207","59","500"
"117086","59","4000"
"117301","59","1500"
"117489","59","8000"
"117606","59","7000"
"2","60","5757"
"4","60","8306"
"14","60","9809"
"18","60","7396"
"33","60","6672"
"47","60","6233"
"544","60","426"
"572","60","963"
"600","60","4744"
"743","60","3671"
"863","60","6706"
"1061","60","6814"
"1389","60","5491"
"18211","60","5065"
"22022","60","33503"
"23043","60","5548"
"28171","60","6023"
"57357","60","26722"
"60691","60","5245"
"69486","60","21680"
"95660","60","22933"
"95841","60","13464"
"96011","60","13704"
"100761","60","14597"
"101016","60","31143"
"102904","60","9938"
"103294","60","28890"
"104994","60","14806"
"105225","60","28352"
"107284","60","11400"
"107909","60","14795"
"108613","60","23405"
"109056","60","5000"
"110488","60","16000"
"110670","60","16500"
"111823","60","10000"
"112003","60","21000"
"112121","60","16000"
"113376","60","11500"
"113740","60","15000"
"116207","60","500"
"117086","60","4000"
"117301","60","1500"
"117489","60","8000"
"117606","60","7000"
"2","61","5757"
"4","61","8306"
"14","61","9809"
"18","61","7396"
"33","61","6672"
"47","61","6233"
"544","61","426"
"572","61","963"
"600","61","4744"
"743","61","3671"
"863","61","6706"
"1061","61","6814"
"1389","61","5491"
"18211","61","5065"
"22022","61","33503"
"23043","61","5548"
"28171","61","6023"
"57357","61","26722"
"60691","61","5245"
"69486","61","21680"
"95660","61","22933"
"95841","61","13464"
"96011","61","13704"
"100761","61","14597"
"101016","61","31143"
"102904","61","9938"
"103294","61","28890"
"104994","61","14806"
"105225","61","28352"
"107284","61","11400"
"107909","61","14795"
"108613","61","23405"
"109056","61","5000"
"110488","61","16000"
"110670","61","16500"
"111823","61","10000"
"112003","61","21000"
"112121","61","16000"
"113376","61","11500"
"113740","61","15000"
"116207","61","500"
"117086","61","4000"
"117301","61","1500"
"117489","61","8000"
"117606","61","7000"
"2","64","5757"
"4","64","8306"
"14","64","9809"
"18","64","7396"
"33","64","6672"
"47","64","6233"
"544","64","426"
"572","64","963"
"600","64","4744"
"743","64","3671"
"863","64","6706"
"1061","64","6814"
"1389","64","5491"
"18211","64","5065"
"22022","64","33503"
"23043","64","5548"
"28171","64","6023"
"57357","64","26722"
"60691","64","5245"
"69486","64","21680"
"95660","64","22933"
"95841","64","13464"
"96011","64","13704"
"100761","64","14597"
"101016","64","31143"
"102904","64","9938"
"103294","64","28890"
"104994","64","14806"
"105225","64","28352"
"107284","64","11400"
"107909","64","14795"
"108613","64","23405"
"109056","64","5000"
"110488","64","16000"
"110670","64","16500"
"111823","64","10000"
"112003","64","21000"
"112121","64","16000"
"113376","64","11500"
"113740","64","15000"
"116207","64","500"
"117086","64","4000"
"117301","64","1500"
"117489","64","8000"
"117606","64","7000"
"2","65","5757"
"4","65","8306"
"14","65","9809"
"18","65","7396"
"33","65","6672"
"47","65","6233"
"544","65","426"
"572","65","963"
"600","65","4744"
"743","65","3671"
"863","65","6706"
"1061","65","6814"
"1389","65","5491"
"18211","65","5065"
"22022","65","33503"
"23043","65","5548"
"28171","65","6023"
"57357","65","26722"
"60691","65","5245"
"69486","65","21680"
"95660","65","22933"
"95841","65","13464"
"96011","65","13704"
"100761","65","14597"
"101016","65","31143"
"102904","65","9938"
"103294","65","28890"
"104994","65","14806"
"105225","65","28352"
"107284","65","11400"
"107909","65","14795"
"108613","65","23405"
"109056","65","5000"
"110488","65","16000"
"110670","65","16500"
"111823","65","10000"
"112003","65","21000"
"112121","65","16000"
"113376","65","11500"
"113740","65","15000"
"116207","65","500"
"117086","65","4000"
"117301","65","1500"
"117489","65","8000"
"117606","65","7000"
"2","66","5757"
"4","66","8306"
"14","66","9809"
"18","66","7396"
"33","66","6672"
"47","66","6233"
"544","66","426"
"572","66","963"
"600","66","4744"
"743","66","3671"
"863","66","6706"
"1061","66","6814"
"1389","66","5491"
"18211","66","5065"
"22022","66","33503"
"23043","66","5548"
"28171","66","6023"
"57357","66","26722"
"60691","66","5245"
"69486","66","21680"
"95660","66","22933"
"95841","66","13464"
"96011","66","13704"
"100761","66","14597"
"101016","66","31143"
"102904","66","9938"
"103294","66","28890"
"104994","66","14806"
"105225","66","28352"
"107284","66","11400"
"107909","66","14795"
"108613","66","23405"
"109056","66","5000"
"110488","66","16000"
"110670","66","16500"
"111823","66","10000"
"112003","66","21000"
"112121","66","16000"
"113376","66","11500"
"113740","66","15000"
"116207","66","500"
"117086","66","4000"
"117301","66","1500"
"117489","66","8000"
"117606","66","7000"
"2","67","5757"
"4","67","8306"
"14","67","9809"
"18","67","7396"
"33","67","6672"
"47","67","6233"
"544","67","426"
"572","67","963"
"600","67","4744"
"743","67","3671"
"863","67","6706"
"1061","67","6814"
"1389","67","5491"
"18211","67","5065"
"22022","67","33503"
"23043","67","5548"
"28171","67","6023"
"57357","67","26722"
"60691","67","5245"
"69486","67","21680"
"95660","67","22933"
"95841","67","13464"
"96011","67","13704"
"100761","67","14597"
"101016","67","31143"
"102904","67","9938"
"103294","67","28890"
"104994","67","14806"
"105225","67","28352"
"107284","67","11400"
"107909","67","14795"
"108613","67","23405"
"109056","67","5000"
"110488","67","16000"
"110670","67","16500"
"111823","67","10000"
"112003","67","21000"
"112121","67","16000"
"113376","67","11500"
"113740","67","15000"
"116207","67","500"
"117086","67","4000"
"117301","67","1500"
"117489","67","8000"
"117606","67","7000"
"2","68","5757"
"4","68","8304"
"14","68","9820"
"18","68","7396"
"33","68","6807"
"47","68","6233"
"544","68","416"
"572","68","963"
"600","68","4744"
"743","68","3671"
"863","68","6706"
"1061","68","6814"
"1389","68","5492"
"18211","68","5065"
"22022","68","33503"
"23043","68","5548"
"28171","68","6023"
"57357","68","26722"
"60691","68","5245"
"69486","68","21680"
"95660","68","22933"
"95841","68","13464"
"96011","68","13704"
"100761","68","14597"
"101016","68","31143"
"102904","68","9938"
"103294","68","28888"
"104994","68","14806"
"105225","68","28352"
"107284","68","11400"
"107909","68","14795"
"108613","68","23405"
"109056","68","5000"
"110488","68","16000"
"110670","68","16500"
"111823","68","10000"
"112003","68","21000"
"112121","68","16000"
"113376","68","11500"
"113740","68","15000"
"116207","68","500"
"117086","68","4000"
"117301","68","1500"
"117489","68","7807"
"117606","68","7000"
"2","71","5757"
"4","71","8304"
"14","71","9820"
"18","71","7396"
"33","71","6807"
"47","71","6233"
"544","71","416"
"572","71","963"
"600","71","4744"
"743","71","3671"
"863","71","6706"
"1061","71","6814"
"1389","71","5492"
"18211","71","5065"
"22022","71","33503"
"23043","71","5548"
"28171","71","6023"
"57357","71","26722"
"60691","71","5245"
"69486","71","21680"
"95660","71","22933"
"95841","71","13464"
"96011","71","13704"
"100761","71","14597"
"101016","71","31143"
"102904","71","9938"
"103294","71","28888"
"104994","71","14806"
"105225","71","28352"
"107284","71","11400"
"107909","71","14795"
"108613","71","23405"
"109056","71","5000"
"110488","71","16000"
"110670","71","16500"
"111823","71","10000"
"112003","71","21000"
"112121","71","16000"
"113376","71","11500"
"113740","71","15000"
"116207","71","500"
"117086","71","4000"
"117301","71","1500"
"117489","71","7807"
"117606","71","7000"
"2","72","5757"
"4","72","8304"
"14","72","9820"
"18","72","7396"
"33","72","6807"
"47","72","6233"
"544","72","416"
"572","72","963"
"600","72","4744"
"743","72","3671"
"863","72","6706"
"1061","72","6814"
"1389","72","5492"
"18211","72","5065"
"22022","72","33503"
"23043","72","5548"
"28171","72","6023"
"57357","72","26722"
"60691","72","5245"
"69486","72","21680"
"95660","72","22933"
"95841","72","13464"
"96011","72","13704"
"100761","72","14597"
"101016","72","31143"
"102904","72","9938"
"103294","72","28888"
"104994","72","14806"
"105225","72","28352"
"107284","72","11400"
"107909","72","14795"
"108613","72","23405"
"109056","72","5000"
"110488","72","16000"
"110670","72","16500"
"111823","72","10000"
"112003","72","21000"
"112121","72","16000"
"113376","72","11500"
"113740","72","15000"
"116207","72","500"
"117086","72","4000"
"117301","72","1500"
"117489","72","7807"
"117606","72","7000"
"2","73","5757"
"4","73","8304"
"14","73","9820"
"18","73","7396"
"33","73","6807"
"47","73","6233"
"544","73","416"
"572","73","963"
"600","73","4744"
"743","73","3671"
"863","73","6706"
"1061","73","6814"
"1389","73","5492"
"18211","73","5065"
"22022","73","33503"
"23043","73","5548"
"28171","73","6023"
"57357","73","26722"
"60691","73","5245"
"69486","73","21680"
"95660","73","22933"
"95841","73","13464"
"96011","73","13704"
"100761","73","14597"
"101016","73","31143"
"102904","73","9938"
"103294","73","28888"
"104994","73","14806"
"105225","73","28352"
"107284","73","11400"
"107909","73","14795"
"108613","73","23405"
"109056","73","5000"
"110488","73","16000"
"110670","73","16500"
"111823","73","10000"
"112003","73","21000"
"112121","73","16000"
"113376","73","11500"
"113740","73","15000"
"116207","73","500"
"117086","73","4000"
"117301","73","1500"
"117489","73","11807"
"117606","73","7000"
"2","74","5757"
"4","74","8304"
"14","74","9820"
"18","74","7396"
"33","74","6807"
"47","74","6233"
"544","74","416"
"572","74","963"
"600","74","4744"
"743","74","3671"
"863","74","6706"
"1061","74","6814"
"1389","74","5492"
"18211","74","5065"
"22022","74","33503"
"23043","74","5548"
"28171","74","6023"
"57357","74","26722"
"60691","74","5245"
"69486","74","21680"
"95660","74","22933"
"95841","74","13464"
"96011","74","13704"
"100761","74","14597"
"101016","74","31143"
"102904","74","9938"
"103294","74","28888"
"104994","74","14806"
"105225","74","28352"
"107284","74","11400"
"107909","74","14795"
"108613","74","23405"
"109056","74","5000"
"110488","74","16000"
"110670","74","16500"
"111823","74","10000"
"112003","74","21000"
"112121","74","16000"
"113376","74","11500"
"113740","74","15000"
"116207","74","500"
"117086","74","4000"
"117301","74","1500"
"117489","74","11807"
"117606","74","10500"
"2","75","5757"
"4","75","8304"
"14","75","9820"
"18","75","7396"
"33","75","6807"
"47","75","6233"
"544","75","416"
"572","75","963"
"600","75","4744"
"743","75","3671"
"863","75","6706"
"1061","75","6814"
"1389","75","5492"
"18211","75","5065"
"22022","75","33503"
"23043","75","5548"
"28171","75","6023"
"57357","75","26722"
"60691","75","5245"
"69486","75","21680"
"95660","75","22933"
"95841","75","13464"
"96011","75","13704"
"100761","75","14597"
"101016","75","31143"
"102904","75","9938"
"103294","75","28888"
"104994","75","14806"
"105225","75","28352"
"107284","75","11400"
"107909","75","14795"
"108613","75","23405"
"109056","75","5000"
"110488","75","16000"
"110670","75","16500"
"111823","75","10000"
"112003","75","21000"
"112121","75","16000"
"113376","75","11500"
"113740","75","15000"
"116207","75","500"
"117086","75","4000"
"117301","75","1500"
"117489","75","11807"
"117606","75","10500"
"2","78","5757"
"4","78","8304"
"14","78","9820"
"18","78","7396"
"33","78","6807"
"47","78","6233"
"544","78","416"
"572","78","963"
"600","78","4744"
"743","78","3671"
"863","78","6706"
"1061","78","6814"
"1389","78","5492"
"18211","78","5065"
"22022","78","33503"
"23043","78","5548"
"28171","78","6023"
"57357","78","26722"
"60691","78","5245"
"69486","78","21680"
"95660","78","22933"
"95841","78","13464"
"96011","78","13704"
"100761","78","14597"
"101016","78","31143"
"102904","78","9938"
"103294","78","28888"
"104994","78","14806"
"105225","78","28352"
"107284","78","11400"
"107909","78","14795"
"108613","78","23405"
"109056","78","5000"
"110488","78","16000"
"110670","78","16500"
"111823","78","10000"
"112003","78","21000"
"112121","78","16000"
"113376","78","15000"
"113740","78","15000"
"116207","78","500"
"117086","78","4000"
"117301","78","1500"
"117489","78","11807"
"117606","78","10500"
"2","79","5757"
"4","79","8304"
"14","79","9820"
"18","79","7396"
"33","79","6807"
"47","79","6233"
"544","79","416"
"572","79","963"
"600","79","4744"
"743","79","3671"
"863","79","6706"
"1061","79","6814"
"1389","79","5492"
"18211","79","5065"
"22022","79","33503"
"23043","79","5548"
"28171","79","6023"
"57357","79","26722"
"60691","79","5245"
"69486","79","21680"
"95660","79","22933"
"95841","79","13464"
"96011","79","13704"
"100761","79","14597"
"101016","79","31143"
"102904","79","9938"
"103294","79","28888"
"104994","79","14806"
"105225","79","28352"
"107284","79","11400"
"107909","79","14795"
"108613","79","23405"
"109056","79","5000"
"110488","79","16000"
"110670","79","16500"
"111823","79","10000"
"112003","79","21000"
"112121","79","16000"
"113376","79","15000"
"113740","79","15000"
"116207","79","500"
"117086","79","4000"
"117301","79","1500"
"117489","79","11807"
"117606","79","10500"
"2","80","5757"
"4","80","8304"
"14","80","9820"
"18","80","7396"
"33","80","6807"
"47","80","6233"
"544","80","416"
"572","80","963"
"600","80","4744"
"743","80","3671"
"863","80","6706"
"1061","80","6814"
"1389","80","5492"
"18211","80","5065"
"22022","80","33503"
"23043","80","5548"
"28171","80","6023"
"57357","80","26722"
"60691","80","5245"
"69486","80","21680"
"95660","80","22933"
"95841","80","13464"
"96011","80","13704"
"100761","80","14597"
"101016","80","31143"
"102904","80","9938"
"103294","80","28888"
"104994","80","14806"
"105225","80","28352"
"107284","80","11400"
"107909","80","14795"
"108613","80","23405"
"109056","80","5000"
"110488","80","16000"
"110670","80","16500"
"111823","80","10000"
"112003","80","21000"
"112121","80","16000"
"113376","80","15000"
"113740","80","15000"
"116207","80","500"
"117086","80","4000"
"117301","80","1500"
"117489","80","11807"
"117606","80","10500"
"2","81","5757"
"4","81","8304"
"14","81","9820"
"18","81","7396"
"33","81","6807"
"47","81","6233"
"544","81","416"
"572","81","963"
"600","81","4744"
"743","81","3671"
"863","81","6706"
"1061","81","6814"
"1389","81","5492"
"18211","81","5065"
"22022","81","33503"
"23043","81","5548"
"28171","81","6023"
"57357","81","26722"
"60691","81","5245"
"69486","81","21680"
"95660","81","22933"
"95841","81","13464"
"96011","81","13704"
"100761","81","14597"
"101016","81","31143"
"102904","81","9938"
"103294","81","28888"
"104994","81","14806"
"105225","81","28352"
"107284","81","11400"
"107909","81","14795"
"108613","81","23405"
"109056","81","5000"
"110488","81","16000"
"110670","81","16500"
"111823","81","10000"
"112003","81","21000"
"112121","81","16000"
"113376","81","15000"
"113740","81","15000"
"116207","81","500"
"117086","81","4000"
"117301","81","1500"
"117489","81","11807"
"117606","81","10500"
"2","82","5757"
"4","82","8304"
"14","82","9820"
"18","82","7396"
"33","82","6807"
"47","82","6233"
"544","82","416"
"572","82","963"
"600","82","4744"
"743","82","3671"
"863","82","6706"
"1061","82","6814"
"1389","82","5492"
"18211","82","5065"
"22022","82","33503"
"23043","82","5548"
"28171","82","6023"
"57357","82","26722"
"60691","82","5245"
"69486","82","21680"
"95660","82","22933"
"95841","82","13464"
"96011","82","13704"
"100761","82","14597"
"101016","82","31143"
"102904","82","9938"
"103294","82","28888"
"104994","82","14806"
"105225","82","28352"
"107284","82","11400"
"107909","82","14795"
"108613","82","23405"
"109056","82","5000"
"110488","82","16000"
"110670","82","16500"
"111823","82","10000"
"112003","82","21000"
"112121","82","16000"
"113376","82","15000"
"113740","82","15000"
"116207","82","500"
"117086","82","4000"
"117301","82","1500"
"117489","82","11807"
"117606","82","10500"
"2","85","5757"
"4","85","8304"
"14","85","9820"
"18","85","7396"
"33","85","6807"
"47","85","6233"
"544","85","416"
"572","85","963"
"600","85","4744"
"743","85","3671"
"863","85","6706"
"1061","85","6814"
"1389","85","5492"
"18211","85","5065"
"22022","85","33503"
"23043","85","5548"
"28171","85","6023"
"57357","85","26722"
"60691","85","5245"
"69486","85","21680"
"95660","85","22933"
"95841","85","13464"
"96011","85","13704"
"100761","85","14597"
"101016","85","31143"
"102904","85","9938"
"103294","85","28888"
"104994","85","14806"
"105225","85","28352"
"107284","85","11400"
"107909","85","14795"
"108613","85","23405"
"109056","85","5000"
"110488","85","16000"
"110670","85","16500"
"111823","85","10000"
"112003","85","21000"
"112121","85","16000"
"113376","85","15000"
"113740","85","15000"
"116207","85","500"
"117086","85","4000"
"117301","85","1500"
"117489","85","11807"
"117606","85","10500"
"2","86","5757"
"4","86","8304"
"14","86","9820"
"18","86","7396"
"33","86","6807"
"47","86","6233"
"544","86","416"
"572","86","963"
"600","86","4744"
"743","86","3671"
"863","86","6706"
"1061","86","6814"
"1389","86","5492"
"18211","86","5065"
"22022","86","33503"
"23043","86","5548"
"28171","86","6023"
"57357","86","26722"
"60691","86","5245"
"69486","86","21680"
"95660","86","22933"
"95841","86","13464"
"96011","86","13704"
"100761","86","14597"
"101016","86","31143"
"102904","86","9938"
"103294","86","28888"
"104994","86","14806"
"105225","86","28352"
"107284","86","11400"
"107909","86","14795"
"108613","86","23405"
"109056","86","5000"
"110488","86","16000"
"110670","86","16500"
"111823","86","10000"
"112003","86","21000"
"112121","86","16000"
"113376","86","15000"
"113740","86","15000"
"116207","86","500"
"117086","86","4000"
"117301","86","1500"
"117489","86","11807"
"117606","86","10500"
"2","87","5757"
"4","87","8304"
"14","87","9820"
"18","87","7396"
"33","87","6807"
"47","87","6233"
"544","87","416"
"572","87","963"
"600","87","4744"
"743","87","3671"
"863","87","6706"
"1061","87","6814"
"1389","87","5492"
"18211","87","5065"
"22022","87","33503"
"23043","87","5548"
"28171","87","6023"
"57357","87","26722"
"60691","87","5245"
"69486","87","21680"
"95660","87","22933"
"95841","87","13464"
"96011","87","13704"
"100761","87","14597"
"101016","87","31143"
"102904","87","9938"
"103294","87","28888"
"104994","87","14806"
"105225","87","28352"
"107284","87","11400"
"107909","87","14795"
"108613","87","23405"
"109056","87","5000"
"110488","87","16000"
"110670","87","16500"
"111823","87","10000"
"112003","87","21000"
"112121","87","16000"
"113376","87","15000"
"113740","87","15000"
"116207","87","500"
"117086","87","4000"
"117301","87","1500"
"117489","87","11807"
"117606","87","10500"
"2","88","5757"
"4","88","8304"
"14","88","9820"
"18","88","7396"
"33","88","6807"
"47","88","6233"
"544","88","416"
"572","88","963"
"600","88","4744"
"743","88","3671"
"863","88","6706"
"1061","88","6814"
"1389","88","5492"
"18211","88","5065"
"22022","88","33503"
"23043","88","5548"
"28171","88","6023"
"57357","88","26722"
"60691","88","5245"
"69486","88","21680"
"95660","88","22933"
"95841","88","13464"
"96011","88","13704"
"100761","88","14597"
"101016","88","31143"
"102904","88","9938"
"103294","88","28888"
"104994","88","14806"
"105225","88","28352"
"107284","88","11400"
"107909","88","14795"
"108613","88","23405"
"109056","88","5000"
"110488","88","16000"
"110670","88","16500"
"111823","88","10000"
"112003","88","21000"
"112121","88","16000"
"113376","88","15000"
"113740","88","15000"
"116207","88","500"
"117086","88","4000"
"117301","88","3000"
"117489","88","11807"
"117606","88","10500"
"2","89","5757"
"4","89","8304"
"14","89","9820"
"18","89","7396"
"33","89","6807"
"47","89","6233"
"544","89","416"
"572","89","963"
"600","89","4744"
"743","89","3671"
"863","89","6706"
"1061","89","6814"
"1389","89","5492"
"18211","89","5065"
"22022","89","33503"
"23043","89","5548"
"28171","89","6023"
"57357","89","26722"
"60691","89","5245"
"69486","89","21680"
"95660","89","22933"
"95841","89","13464"
"96011","89","13704"
"100761","89","14597"
"101016","89","31143"
"102904","89","9938"
"103294","89","28888"
"104994","89","14806"
"105225","89","28352"
"107284","89","11400"
"107909","89","14795"
"108613","89","23405"
"109056","89","5000"
"110488","89","16000"
"110670","89","16500"
"111823","89","10000"
"112003","89","21000"
"112121","89","16000"
"113376","89","15000"
"113740","89","15000"
"116207","89","500"
"117086","89","4000"
"117301","89","3000"
"117489","89","11807"
"117606","89","10500"
